Predictor variable,Categorical,Sample average
e03.NIT.max,false,3.8074126016348604
e04.NIT.min,false,0.471742781172684
e05.PHO.max,false,0.7632998800032179
e06.PHO.min,false,0.35607000497534913
e07.SAL.me,false,30.5941633051092
e08.SST.max,false,17.292363010753284
e09.SST.min,false,8.460405632582578
